class,I-AUROC
bottle,0.985714316368103
capsule,0.6864778995513916
carpet,0.993178129196167
grid,0.9916457533836365
hazelnut,0.9246429204940796
leather,1.0
metal_nut,0.9545454382896423
tile,0.9992785453796387
toothbrush,0.8527777791023254
wood,0.9763156771659851
zipper,0.9104516506195068
