class,I-AUROC
bottle,0.9857142857142858
cable,0.8520427286356822
capsule,0.686477861986438
hazelnut,0.9246428571428572
metal_nut,0.9545454545454546
pill,0.8134206219312603
screw,0.7199221151875385
toothbrush,0.8527777777777779
transistor,0.8935416666666667
zipper,0.9104516806722689
wood,0.9763157894736842
tile,0.9992784992784992
grid,0.9916457811194653
leather,1.0
carpet,0.9931781701444623
